{ "compressionlevel":-1,
 "height":16,
 "infinite":false,
 "layers":[
        {
         "data":[80, 80, 0, 0, 0, 0, 0, 0, 0, 0, 0, 0, 0, 0, 0, 0,
            0, 80, 80, 0, 0, 0, 80, 78, 0, 0, 80, 78, 0, 0, 0, 0,
            0, 0, 80, 80, 84, 80, 81, 0, 0, 0, 77, 0, 0, 0, 0, 0,
            0, 0, 80, 80, 80, 80, 78, 0, 0, 0, 0, 0, 0, 0, 0, 0,
            0, 0, 80, 81, 80, 78, 74, 80, 75, 0, 0, 0, 0, 0, 0, 0,
            0, 74, 80, 80, 80, 84, 80, 78, 0, 0, 0, 0, 0, 0, 80, 0,
            0, 0, 0, 0, 80, 80, 80, 0, 0, 0, 0, 0, 0, 74, 80, 0,
            0, 80, 81, 80, 80, 78, 0, 0, 0, 0, 0, 0, 0, 80, 81, 0,
            0, 0, 0, 77, 80, 82, 0, 0, 0, 74, 80, 74, 80, 80, 80, 0,
            0, 0, 0, 0, 80, 80, 80, 0, 0, 80, 84, 80, 80, 80, 0, 0,
            0, 0, 0, 74, 80, 80, 81, 0, 74, 80, 80, 80, 81, 80, 0, 0,
            0, 0, 0, 80, 81, 80, 80, 80, 80, 80, 0, 0, 77, 80, 0, 0,
            0, 0, 74, 80, 80, 80, 77, 80, 80, 78, 0, 0, 0, 0, 0, 0,
            0, 0, 0, 0, 0, 78, 0, 80, 80, 0, 0, 80, 0, 0, 0, 0,
            0, 0, 0, 0, 0, 0, 0, 0, 0, 0, 0, 0, 0, 0, 0, 0,
            0, 0, 0, 0, 0, 0, 0, 0, 0, 0, 0, 0, 0, 0, 0, 0],
         "height":16,
         "id":9,
         "name":"Background",
         "opacity":1,
         "type":"tilelayer",
         "visible":true,
         "width":16,
         "x":0,
         "y":0
        }, 
        {
         "data":[13, 25, 19, 19, 21, 19, 19, 26, 26, 26, 26, 26, 27, 0, 0, 18,
            19, 13, 25, 26, 26, 26, 27, 0, 0, 0, 0, 0, 0, 0, 0, 18,
            19, 19, 13, 17, 0, 0, 0, 0, 0, 0, 0, 0, 0, 0, 0, 18,
            26, 26, 27, 0, 0, 0, 0, 0, 0, 0, 0, 0, 0, 17, 17, 18,
            13, 0, 0, 0, 0, 0, 0, 0, 0, 0, 0, 0, 14, 15, 12, 19,
            20, 0, 0, 0, 0, 0, 0, 0, 0, 0, 0, 0, 0, 0, 25, 19,
            19, 12, 15, 15, 16, 0, 0, 0, 0, 0, 0, 0, 0, 0, 0, 18,
            19, 27, 0, 0, 0, 0, 0, 0, 0, 0, 0, 0, 0, 0, 0, 18,
            20, 0, 0, 0, 0, 0, 0, 0, 0, 0, 0, 0, 0, 0, 0, 18,
            27, 0, 0, 0, 0, 0, 0, 0, 0, 0, 0, 0, 0, 14, 12, 19,
            0, 0, 0, 0, 0, 0, 0, 0, 0, 0, 0, 0, 0, 0, 18, 19,
            0, 0, 0, 0, 0, 0, 0, 11, 13, 0, 0, 0, 0, 0, 18, 19,
            0, 0, 0, 11, 13, 0, 0, 25, 27, 0, 0, 0, 0, 0, 18, 19,
            12, 12, 12, 19, 20, 0, 0, 11, 13, 0, 0, 11, 12, 12, 19, 19,
            19, 21, 19, 19, 20, 0, 0, 18, 19, 12, 12, 19, 19, 19, 21, 19,
            19, 19, 19, 19, 19, 12, 12, 19, 19, 19, 19, 19, 19, 19, 19, 19],
         "height":16,
         "id":6,
         "name":"Walls_Ground_&_Ceiling",
         "opacity":1,
         "type":"tilelayer",
         "visible":true,
         "width":16,
         "x":0,
         "y":0
        }, 
        {
         "data":[0, 0, 0, 0, 0, 0, 0, 0, 0, 0, 0, 0, 0, 0, 0, 0,
            0, 0, 0, 0, 0, 0, 0, 0, 0, 0, 0, 0, 0, 0, 0, 0,
            0, 0, 0, 0, 0, 0, 0, 0, 0, 0, 0, 0, 0, 0, 0, 0,
            0, 0, 0, 0, 0, 0, 0, 0, 0, 0, 0, 0, 0, 0, 0, 0,
            0, 32, 33, 0, 0, 0, 0, 0, 0, 0, 0, 0, 0, 0, 0, 0,
            0, 39, 40, 0, 0, 0, 0, 0, 0, 0, 0, 0, 0, 0, 0, 0,
            0, 0, 0, 0, 0, 0, 0, 0, 0, 0, 0, 0, 0, 0, 0, 0,
            0, 0, 0, 0, 0, 0, 0, 0, 0, 0, 0, 0, 0, 0, 0, 0,
            0, 0, 0, 0, 0, 0, 0, 0, 0, 0, 0, 0, 0, 0, 0, 0,
            0, 0, 0, 0, 0, 0, 0, 0, 0, 0, 0, 0, 0, 0, 0, 0,
            0, 0, 0, 0, 0, 0, 0, 0, 0, 0, 0, 0, 0, 0, 0, 0,
            0, 0, 0, 0, 0, 0, 0, 0, 0, 0, 0, 0, 0, 0, 0, 0,
            0, 0, 0, 0, 0, 0, 0, 0, 0, 0, 0, 0, 0, 0, 0, 0,
            0, 0, 0, 0, 0, 0, 0, 0, 0, 0, 0, 0, 0, 0, 0, 0,
            0, 0, 0, 0, 0, 0, 0, 0, 0, 0, 0, 0, 0, 0, 0, 0,
            0, 0, 0, 0, 0, 0, 0, 0, 0, 0, 0, 0, 0, 0, 0, 0],
         "height":16,
         "id":7,
         "name":"Breakable_Walls",
         "opacity":1,
         "type":"tilelayer",
         "visible":true,
         "width":16,
         "x":0,
         "y":0
        }, 
        {
         "data":[0, 0, 0, 0, 0, 0, 0, 0, 0, 0, 0, 0, 0, 0, 0, 0,
            0, 0, 0, 0, 0, 0, 0, 0, 0, 0, 0, 0, 0, 0, 0, 0,
            0, 0, 0, 0, 0, 0, 0, 0, 0, 0, 0, 0, 0, 0, 0, 0,
            0, 0, 0, 0, 0, 0, 0, 0, 0, 0, 0, 0, 0, 0, 0, 0,
            0, 0, 0, 0, 0, 0, 0, 0, 0, 0, 0, 0, 0, 0, 0, 0,
            0, 0, 0, 0, 0, 0, 0, 0, 0, 0, 0, 0, 0, 0, 0, 0,
            0, 0, 0, 0, 0, 0, 0, 0, 0, 0, 0, 0, 0, 0, 0, 0,
            0, 0, 0, 0, 0, 0, 0, 0, 0, 0, 0, 0, 0, 0, 0, 0,
            0, 0, 0, 0, 0, 0, 0, 0, 0, 0, 0, 0, 0, 0, 0, 0,
            0, 0, 0, 0, 0, 0, 0, 0, 0, 0, 0, 0, 0, 0, 0, 0,
            0, 0, 0, 0, 0, 0, 0, 0, 0, 0, 0, 0, 0, 0, 0, 0,
            0, 0, 0, 0, 0, 0, 0, 0, 0, 0, 0, 0, 0, 0, 0, 0,
            0, 0, 0, 0, 0, 0, 0, 0, 0, 0, 0, 10, 10, 10, 0, 0,
            0, 0, 0, 0, 0, 0, 0, 0, 0, 10, 10, 0, 0, 0, 0, 0,
            0, 0, 0, 0, 0, 10, 10, 0, 0, 0, 0, 0, 0, 0, 0, 0,
            0, 0, 0, 0, 0, 0, 0, 0, 0, 0, 0, 0, 0, 0, 0, 0],
         "height":16,
         "id":8,
         "name":"Spikes",
         "opacity":1,
         "type":"tilelayer",
         "visible":true,
         "width":16,
         "x":0,
         "y":0
        }, 
        {
         "data":[0, 0, 0, 0, 0, 0, 0, 0, 0, 0, 0, 0, 0, 0, 0, 0,
            0, 0, 0, 0, 0, 0, 0, 0, 0, 0, 0, 0, 0, 0, 0, 0,
            0, 0, 0, 0, 0, 0, 0, 0, 0, 0, 0, 0, 0, 0, 3, 0,
            0, 0, 0, 0, 0, 0, 0, 0, 0, 0, 0, 0, 2, 0, 0, 0,
            0, 0, 0, 0, 0, 0, 0, 0, 0, 0, 0, 0, 0, 0, 0, 0,
            0, 0, 0, 0, 0, 0, 0, 0, 0, 0, 0, 0, 0, 0, 0, 0,
            0, 0, 0, 0, 0, 0, 0, 0, 0, 0, 0, 0, 0, 0, 0, 0,
            0, 0, 0, 0, 0, 0, 0, 0, 0, 0, 0, 0, 0, 0, 0, 0,
            0, 0, 0, 0, 0, 0, 0, 0, 0, 0, 0, 0, 0, 0, 0, 0,
            0, 0, 0, 0, 0, 0, 0, 0, 0, 0, 0, 0, 0, 0, 0, 0,
            0, 0, 0, 0, 0, 0, 0, 1, 0, 0, 0, 0, 0, 0, 0, 0,
            0, 0, 0, 0, 0, 0, 0, 0, 0, 0, 0, 0, 0, 0, 0, 0,
            0, 0, 0, 0, 0, 0, 0, 0, 0, 0, 0, 0, 0, 0, 0, 0,
            0, 0, 0, 0, 0, 0, 0, 0, 0, 0, 0, 0, 0, 0, 0, 0,
            0, 0, 0, 0, 0, 0, 0, 0, 0, 0, 0, 0, 0, 0, 0, 0,
            0, 0, 0, 0, 0, 0, 0, 0, 0, 0, 0, 0, 0, 0, 0, 0],
         "height":16,
         "id":10,
         "name":"Decorations",
         "opacity":1,
         "type":"tilelayer",
         "visible":true,
         "width":16,
         "x":0,
         "y":0
        }],
 "nextlayerid":13,
 "nextobjectid":13,
 "orientation":"orthogonal",
 "renderorder":"left-up",
 "tiledversion":"1.9.2",
 "tileheight":8,
 "tilesets":[
        {
         "columns":3,
         "firstgid":1,
         "image":"..\/tilesets\/CelesteClassic_SoftDecorations.png",
         "imageheight":30,
         "imagewidth":30,
         "margin":1,
         "name":"CelesteClassic_SoftDecorations",
         "spacing":2,
         "tilecount":9,
         "tileheight":8,
         "tilewidth":8
        }, 
        {
         "columns":1,
         "firstgid":10,
         "image":"..\/tilesets\/CelesteClassic_Spikes.png",
         "imageheight":10,
         "imagewidth":10,
         "margin":1,
         "name":"CelesteClassic_Spikes",
         "spacing":2,
         "tilecount":1,
         "tileheight":8,
         "tilewidth":8
        }, 
        {
         "columns":7,
         "firstgid":11,
         "image":"..\/tilesets\/CelesteClassic_Walls.png",
         "imageheight":90,
         "imagewidth":70,
         "margin":1,
         "name":"CelesteClassic_Walls",
         "spacing":2,
         "tilecount":63,
         "tileheight":8,
         "tilewidth":8
        }, 
        {
         "columns":3,
         "firstgid":74,
         "image":"..\/tilesets\/CelesteClassic_Background.png",
         "imageheight":40,
         "imagewidth":30,
         "margin":1,
         "name":"CelesteClassic_Background",
         "spacing":2,
         "tilecount":12,
         "tileheight":8,
         "tilewidth":8
        }],
 "tilewidth":8,
 "type":"map",
 "version":"1.9",
 "width":16
}